age_group,initial_grade,bbd_severity_label,baseline_site_exponent,no_discount_site_exponent,baseline_technique,baseline_volume_ml,baseline_reflux_fraction,baseline_obstruction_index,no_discount_technique,no_discount_volume_ml,no_discount_reflux_fraction,no_discount_obstruction_index,no_discount_selection_mode,no_discount_safe_candidates_n,changed_vs_baseline,sampling_protocol
12_18m,1,none,0.50,0.00,double_hit,0.60,0.0000,0.1320,hit,0.60,0.0014,0.1092,within_ceiling,5,1,full 75-stratum balanced grid; sex averaged; grade5 tortuosity 1.5|2.5|3.5
12_18m,1,moderate,0.50,0.00,double_hit,0.60,0.0000,0.1320,hit,0.60,0.0071,0.1092,within_ceiling,5,1,full 75-stratum balanced grid; sex averaged; grade5 tortuosity 1.5|2.5|3.5
12_18m,1,severe,0.50,0.00,double_hit,0.60,0.0008,0.1320,hit,0.60,0.0184,0.1092,within_ceiling,5,1,full 75-stratum balanced grid; sex averaged; grade5 tortuosity 1.5|2.5|3.5
12_18m,2,none,0.50,0.00,double_hit,0.60,0.0000,0.1315,hit,0.60,0.0031,0.1092,within_ceiling,5,1,full 75-stratum balanced grid; sex averaged; grade5 tortuosity 1.5|2.5|3.5
12_18m,2,moderate,0.50,0.00,double_hit,0.60,0.0001,0.1315,hit,0.60,0.0157,0.1092,within_ceiling,5,1,full 75-stratum balanced grid; sex averaged; grade5 tortuosity 1.5|2.5|3.5
12_18m,2,severe,0.50,0.00,double_hit,0.60,0.0021,0.1315,hit,0.60,0.0380,0.1092,within_ceiling,5,1,full 75-stratum balanced grid; sex averaged; grade5 tortuosity 1.5|2.5|3.5
12_18m,3,none,0.50,0.00,double_hit,0.60,0.0000,0.1284,double_hit_plus_sting,0.60,0.0016,0.0648,within_ceiling,6,1,full 75-stratum balanced grid; sex averaged; grade5 tortuosity 1.5|2.5|3.5
12_18m,3,moderate,0.50,0.00,double_hit,0.60,0.0004,0.1284,double_hit_plus_sting,0.60,0.0106,0.0648,within_ceiling,6,1,full 75-stratum balanced grid; sex averaged; grade5 tortuosity 1.5|2.5|3.5
12_18m,3,severe,0.50,0.00,double_hit,0.60,0.0048,0.1284,double_hit_plus_sting,0.60,0.0285,0.0648,within_ceiling,6,1,full 75-stratum balanced grid; sex averaged; grade5 tortuosity 1.5|2.5|3.5
12_18m,4,none,0.50,0.00,double_hit,0.80,0.0000,0.1328,double_hit,0.60,0.0058,0.0670,within_ceiling,9,1,full 75-stratum balanced grid; sex averaged; grade5 tortuosity 1.5|2.5|3.5
12_18m,4,moderate,0.50,0.00,double_hit,0.80,0.0013,0.1328,double_hit,0.60,0.0317,0.0670,within_ceiling,9,1,full 75-stratum balanced grid; sex averaged; grade5 tortuosity 1.5|2.5|3.5
12_18m,4,severe,0.50,0.00,double_hit,0.80,0.0111,0.1328,double_hit,0.60,0.0767,0.0670,within_ceiling,9,1,full 75-stratum balanced grid; sex averaged; grade5 tortuosity 1.5|2.5|3.5
12_18m,5,none,0.50,0.00,hit,0.60,0.0735,0.1379,hit,0.60,0.0745,0.1392,within_ceiling,9,0,full 75-stratum balanced grid; sex averaged; grade5 tortuosity 1.5|2.5|3.5
12_18m,5,moderate,0.50,0.00,double_hit_plus_sting,1.20,0.2161,0.0618,double_hit_plus_sting,1.20,0.2318,0.0746,within_ceiling,9,0,full 75-stratum balanced grid; sex averaged; grade5 tortuosity 1.5|2.5|3.5
12_18m,5,severe,0.50,0.00,double_hit_plus_sting,1.20,0.3506,0.0618,double_hit_plus_sting,1.20,0.3717,0.0746,within_ceiling,9,0,full 75-stratum balanced grid; sex averaged; grade5 tortuosity 1.5|2.5|3.5
18_24m,1,none,0.50,0.00,double_hit,0.60,0.0000,0.1313,hit,0.60,0.0005,0.1090,within_ceiling,5,1,full 75-stratum balanced grid; sex averaged; grade5 tortuosity 1.5|2.5|3.5
18_24m,1,moderate,0.50,0.00,double_hit,0.60,0.0000,0.1313,hit,0.60,0.0034,0.1090,within_ceiling,5,1,full 75-stratum balanced grid; sex averaged; grade5 tortuosity 1.5|2.5|3.5
18_24m,1,severe,0.50,0.00,double_hit,0.60,0.0000,0.1313,hit,0.60,0.0099,0.1090,within_ceiling,5,1,full 75-stratum balanced grid; sex averaged; grade5 tortuosity 1.5|2.5|3.5
18_24m,2,none,0.50,0.00,double_hit,0.60,0.0000,0.1308,hit,0.60,0.0013,0.1089,within_ceiling,5,1,full 75-stratum balanced grid; sex averaged; grade5 tortuosity 1.5|2.5|3.5
18_24m,2,moderate,0.50,0.00,double_hit,0.60,0.0000,0.1308,hit,0.60,0.0079,0.1089,within_ceiling,5,1,full 75-stratum balanced grid; sex averaged; grade5 tortuosity 1.5|2.5|3.5
18_24m,2,severe,0.50,0.00,double_hit,0.60,0.0000,0.1308,hit,0.60,0.0214,0.1089,within_ceiling,5,1,full 75-stratum balanced grid; sex averaged; grade5 tortuosity 1.5|2.5|3.5
18_24m,3,none,0.50,0.00,double_hit,0.60,0.0000,0.1280,double_hit_plus_sting,0.60,0.0041,0.0324,within_ceiling,6,1,full 75-stratum balanced grid; sex averaged; grade5 tortuosity 1.5|2.5|3.5
18_24m,3,moderate,0.50,0.00,double_hit,0.60,0.0000,0.1280,double_hit_plus_sting,0.60,0.0168,0.0324,within_ceiling,6,1,full 75-stratum balanced grid; sex averaged; grade5 tortuosity 1.5|2.5|3.5
18_24m,3,severe,0.50,0.00,double_hit,0.60,0.0001,0.1280,double_hit_plus_sting,0.60,0.0361,0.0324,within_ceiling,6,1,full 75-stratum balanced grid; sex averaged; grade5 tortuosity 1.5|2.5|3.5
18_24m,4,none,0.50,0.00,double_hit,0.80,0.0000,0.1312,double_hit_plus_sting,1.00,0.0018,0.0623,within_ceiling,10,1,full 75-stratum balanced grid; sex averaged; grade5 tortuosity 1.5|2.5|3.5
18_24m,4,moderate,0.50,0.00,double_hit,0.80,0.0000,0.1312,double_hit_plus_sting,1.00,0.0123,0.0623,within_ceiling,10,1,full 75-stratum balanced grid; sex averaged; grade5 tortuosity 1.5|2.5|3.5
18_24m,4,severe,0.50,0.00,double_hit,0.80,0.0005,0.1312,double_hit_plus_sting,1.00,0.0354,0.0623,within_ceiling,10,1,full 75-stratum balanced grid; sex averaged; grade5 tortuosity 1.5|2.5|3.5
18_24m,5,none,0.50,0.00,double_hit_plus_sting,1.50,0.0103,0.0791,double_hit_plus_sting,1.50,0.0112,0.1030,within_ceiling,12,0,full 75-stratum balanced grid; sex averaged; grade5 tortuosity 1.5|2.5|3.5
18_24m,5,moderate,0.50,0.00,double_hit_plus_sting,1.50,0.0518,0.0791,double_hit_plus_sting,1.50,0.0592,0.1030,within_ceiling,12,0,full 75-stratum balanced grid; sex averaged; grade5 tortuosity 1.5|2.5|3.5
18_24m,5,severe,0.50,0.00,double_hit_plus_sting,1.50,0.1192,0.0791,double_hit_plus_sting,1.50,0.1361,0.1030,within_ceiling,12,0,full 75-stratum balanced grid; sex averaged; grade5 tortuosity 1.5|2.5|3.5
24_60m,1,none,0.50,0.00,double_hit,0.60,0.0000,0.1308,double_hit_plus_sting,0.60,0.0001,0.0425,within_ceiling,6,1,full 75-stratum balanced grid; sex averaged; grade5 tortuosity 1.5|2.5|3.5
24_60m,1,moderate,0.50,0.00,double_hit,0.60,0.0000,0.1308,double_hit_plus_sting,0.60,0.0009,0.0425,within_ceiling,6,1,full 75-stratum balanced grid; sex averaged; grade5 tortuosity 1.5|2.5|3.5
24_60m,1,severe,0.50,0.00,double_hit,0.60,0.0000,0.1308,double_hit_plus_sting,0.60,0.0028,0.0425,within_ceiling,6,1,full 75-stratum balanced grid; sex averaged; grade5 tortuosity 1.5|2.5|3.5
24_60m,2,none,0.50,0.00,double_hit,0.60,0.0000,0.1303,double_hit_plus_sting,0.60,0.0006,0.0361,within_ceiling,6,1,full 75-stratum balanced grid; sex averaged; grade5 tortuosity 1.5|2.5|3.5
24_60m,2,moderate,0.50,0.00,double_hit,0.60,0.0000,0.1303,double_hit_plus_sting,0.60,0.0032,0.0361,within_ceiling,6,1,full 75-stratum balanced grid; sex averaged; grade5 tortuosity 1.5|2.5|3.5
24_60m,2,severe,0.50,0.00,double_hit,0.60,0.0000,0.1303,double_hit_plus_sting,0.60,0.0082,0.0361,within_ceiling,6,1,full 75-stratum balanced grid; sex averaged; grade5 tortuosity 1.5|2.5|3.5
24_60m,3,none,0.50,0.00,double_hit_plus_sting,1.00,0.0000,0.1102,double_hit,0.60,0.0007,0.0541,within_ceiling,9,1,full 75-stratum balanced grid; sex averaged; grade5 tortuosity 1.5|2.5|3.5
24_60m,3,moderate,0.50,0.00,double_hit,0.80,0.0000,0.1350,double_hit,0.60,0.0047,0.0541,within_ceiling,9,1,full 75-stratum balanced grid; sex averaged; grade5 tortuosity 1.5|2.5|3.5
24_60m,3,severe,0.50,0.00,double_hit,0.80,0.0000,0.1350,double_hit,0.60,0.0129,0.0541,within_ceiling,9,1,full 75-stratum balanced grid; sex averaged; grade5 tortuosity 1.5|2.5|3.5
24_60m,4,none,0.50,0.00,double_hit,1.00,0.0000,0.1383,double_hit_plus_sting,1.20,0.0054,0.0485,within_ceiling,13,1,full 75-stratum balanced grid; sex averaged; grade5 tortuosity 1.5|2.5|3.5
24_60m,4,moderate,0.50,0.00,double_hit,1.00,0.0000,0.1383,double_hit_plus_sting,1.20,0.0234,0.0485,within_ceiling,13,1,full 75-stratum balanced grid; sex averaged; grade5 tortuosity 1.5|2.5|3.5
24_60m,4,severe,0.50,0.00,double_hit,1.00,0.0000,0.1383,double_hit_plus_sting,1.20,0.0513,0.0485,within_ceiling,13,1,full 75-stratum balanced grid; sex averaged; grade5 tortuosity 1.5|2.5|3.5
24_60m,5,none,0.50,0.00,double_hit,1.20,0.0221,0.0836,double_hit,1.20,0.0238,0.0979,within_ceiling,15,0,full 75-stratum balanced grid; sex averaged; grade5 tortuosity 1.5|2.5|3.5
24_60m,5,moderate,0.50,0.00,double_hit,1.20,0.0822,0.0836,double_hit,1.20,0.0919,0.0979,within_ceiling,15,0,full 75-stratum balanced grid; sex averaged; grade5 tortuosity 1.5|2.5|3.5
24_60m,5,severe,0.50,0.00,double_hit,1.20,0.1574,0.0836,double_hit,1.20,0.1757,0.0979,within_ceiling,15,0,full 75-stratum balanced grid; sex averaged; grade5 tortuosity 1.5|2.5|3.5
5_10y,1,none,0.50,0.00,double_hit_plus_sting,1.00,0.0000,0.0981,double_hit,0.60,0.0001,0.0547,within_ceiling,8,1,full 75-stratum balanced grid; sex averaged; grade5 tortuosity 1.5|2.5|3.5
5_10y,1,moderate,0.50,0.00,double_hit_plus_sting,1.00,0.0000,0.0981,double_hit,0.60,0.0004,0.0547,within_ceiling,8,1,full 75-stratum balanced grid; sex averaged; grade5 tortuosity 1.5|2.5|3.5
5_10y,1,severe,0.50,0.00,double_hit,0.80,0.0000,0.1380,double_hit,0.60,0.0015,0.0547,within_ceiling,8,1,full 75-stratum balanced grid; sex averaged; grade5 tortuosity 1.5|2.5|3.5
5_10y,2,none,0.50,0.00,double_hit_plus_sting,1.00,0.0000,0.0605,double_hit_plus_sting,1.00,0.0000,0.0957,within_ceiling,9,0,full 75-stratum balanced grid; sex averaged; grade5 tortuosity 1.5|2.5|3.5
5_10y,2,moderate,0.50,0.00,double_hit,0.80,0.0000,0.1372,double_hit_plus_sting,1.00,0.0001,0.0957,within_ceiling,9,1,full 75-stratum balanced grid; sex averaged; grade5 tortuosity 1.5|2.5|3.5
5_10y,2,severe,0.50,0.00,double_hit,0.80,0.0000,0.1372,double_hit_plus_sting,1.00,0.0011,0.0957,within_ceiling,9,1,full 75-stratum balanced grid; sex averaged; grade5 tortuosity 1.5|2.5|3.5
5_10y,3,none,0.50,0.00,double_hit,1.00,0.0000,0.1420,double_hit_plus_sting,1.20,0.0004,0.0560,within_ceiling,12,1,full 75-stratum balanced grid; sex averaged; grade5 tortuosity 1.5|2.5|3.5
5_10y,3,moderate,0.50,0.00,double_hit,1.00,0.0000,0.1420,double_hit_plus_sting,1.20,0.0024,0.0560,within_ceiling,12,1,full 75-stratum balanced grid; sex averaged; grade5 tortuosity 1.5|2.5|3.5
5_10y,3,severe,0.50,0.00,double_hit,1.00,0.0000,0.1420,double_hit_plus_sting,1.20,0.0070,0.0560,within_ceiling,12,1,full 75-stratum balanced grid; sex averaged; grade5 tortuosity 1.5|2.5|3.5
5_10y,4,none,0.50,0.00,double_hit,1.20,0.0000,0.1045,double_hit,1.20,0.0000,0.1426,within_ceiling,16,0,full 75-stratum balanced grid; sex averaged; grade5 tortuosity 1.5|2.5|3.5
5_10y,4,moderate,0.50,0.00,double_hit,1.20,0.0000,0.1045,double_hit,1.20,0.0000,0.1426,within_ceiling,16,0,full 75-stratum balanced grid; sex averaged; grade5 tortuosity 1.5|2.5|3.5
5_10y,4,severe,0.50,0.00,double_hit,1.20,0.0005,0.1045,double_hit,1.20,0.0006,0.1426,within_ceiling,16,0,full 75-stratum balanced grid; sex averaged; grade5 tortuosity 1.5|2.5|3.5
5_10y,5,none,0.50,0.00,double_hit,1.50,0.0272,0.0862,double_hit,1.50,0.0290,0.1003,within_ceiling,20,0,full 75-stratum balanced grid; sex averaged; grade5 tortuosity 1.5|2.5|3.5
5_10y,5,moderate,0.50,0.00,double_hit,1.50,0.0853,0.0862,double_hit,1.50,0.0949,0.1003,within_ceiling,20,0,full 75-stratum balanced grid; sex averaged; grade5 tortuosity 1.5|2.5|3.5
5_10y,5,severe,0.50,0.00,double_hit,1.50,0.1546,0.0862,double_hit,1.50,0.1719,0.1003,within_ceiling,20,0,full 75-stratum balanced grid; sex averaged; grade5 tortuosity 1.5|2.5|3.5
10_16y,1,none,0.50,0.00,double_hit,1.00,0.0000,0.1460,double_hit_plus_sting,1.20,0.0001,0.0519,within_ceiling,12,1,full 75-stratum balanced grid; sex averaged; grade5 tortuosity 1.5|2.5|3.5
10_16y,1,moderate,0.50,0.00,double_hit,1.00,0.0000,0.1460,double_hit_plus_sting,1.20,0.0005,0.0519,within_ceiling,12,1,full 75-stratum balanced grid; sex averaged; grade5 tortuosity 1.5|2.5|3.5
10_16y,1,severe,0.50,0.00,double_hit,1.00,0.0000,0.1460,double_hit_plus_sting,1.20,0.0015,0.0519,within_ceiling,12,1,full 75-stratum balanced grid; sex averaged; grade5 tortuosity 1.5|2.5|3.5
10_16y,2,none,0.50,0.00,double_hit,1.00,0.0000,0.1240,hit,0.60,0.0003,0.1098,within_ceiling,12,1,full 75-stratum balanced grid; sex averaged; grade5 tortuosity 1.5|2.5|3.5
10_16y,2,moderate,0.50,0.00,double_hit,1.00,0.0000,0.1240,hit,0.60,0.0018,0.1098,within_ceiling,12,1,full 75-stratum balanced grid; sex averaged; grade5 tortuosity 1.5|2.5|3.5
10_16y,2,severe,0.50,0.00,double_hit,1.00,0.0000,0.1240,double_hit_plus_sting,1.20,0.0049,0.0453,within_ceiling,12,1,full 75-stratum balanced grid; sex averaged; grade5 tortuosity 1.5|2.5|3.5
10_16y,3,none,0.50,0.00,double_hit,1.20,0.0000,0.0976,double_hit,1.20,0.0000,0.1307,within_ceiling,17,0,full 75-stratum balanced grid; sex averaged; grade5 tortuosity 1.5|2.5|3.5
10_16y,3,moderate,0.50,0.00,double_hit,1.20,0.0000,0.0976,double_hit,1.20,0.0000,0.1307,within_ceiling,17,0,full 75-stratum balanced grid; sex averaged; grade5 tortuosity 1.5|2.5|3.5
10_16y,3,severe,0.50,0.00,double_hit,1.20,0.0001,0.0976,double_hit,1.20,0.0001,0.1307,within_ceiling,17,0,full 75-stratum balanced grid; sex averaged; grade5 tortuosity 1.5|2.5|3.5
10_16y,4,none,0.50,0.00,double_hit,1.50,0.0000,0.0822,double_hit,1.50,0.0000,0.1089,within_ceiling,21,0,full 75-stratum balanced grid; sex averaged; grade5 tortuosity 1.5|2.5|3.5
10_16y,4,moderate,0.50,0.00,double_hit,1.50,0.0010,0.0822,double_hit,1.50,0.0011,0.1089,within_ceiling,21,0,full 75-stratum balanced grid; sex averaged; grade5 tortuosity 1.5|2.5|3.5
10_16y,4,severe,0.50,0.00,double_hit,1.50,0.0047,0.0822,double_hit,1.50,0.0056,0.1089,within_ceiling,21,0,full 75-stratum balanced grid; sex averaged; grade5 tortuosity 1.5|2.5|3.5
10_16y,5,none,0.50,0.00,double_hit,2.00,0.0077,0.1179,double_hit,2.00,0.0086,0.1429,within_ceiling,24,0,full 75-stratum balanced grid; sex averaged; grade5 tortuosity 1.5|2.5|3.5
10_16y,5,moderate,0.50,0.00,double_hit,2.00,0.0369,0.1179,double_hit,2.00,0.0434,0.1429,within_ceiling,24,0,full 75-stratum balanced grid; sex averaged; grade5 tortuosity 1.5|2.5|3.5
10_16y,5,severe,0.50,0.00,double_hit,2.00,0.0807,0.1179,double_hit,2.00,0.0947,0.1429,within_ceiling,24,0,full 75-stratum balanced grid; sex averaged; grade5 tortuosity 1.5|2.5|3.5
