scenario,placement_asymmetry_enabled,age_group,sex,initial_grade,tortuosity_index,technique,n_sites,deflux_volume_ml,reflux_fraction,obstruction_index,reflux_volume_ml,antegrade_volume_ml,uvj_forward_resistance_multiplier
baseline_asymmetry,1,18_24m,female|male (averaged),5,1.5|2.5|3.5 (averaged),sting,1,0.60,0.2338,0.2690,0.1582,0.5207,5.437
baseline_asymmetry,1,18_24m,female|male (averaged),5,1.5|2.5|3.5 (averaged),sting,1,0.80,0.2376,0.2807,0.1580,0.5093,5.672
baseline_asymmetry,1,18_24m,female|male (averaged),5,1.5|2.5|3.5 (averaged),sting,1,1.00,0.2400,0.2882,0.1579,0.5023,5.821
baseline_asymmetry,1,18_24m,female|male (averaged),5,1.5|2.5|3.5 (averaged),sting,1,1.20,0.2418,0.2938,0.1578,0.4972,5.933
baseline_asymmetry,1,18_24m,female|male (averaged),5,1.5|2.5|3.5 (averaged),sting,1,1.50,0.2443,0.3018,0.1577,0.4902,6.092
baseline_asymmetry,1,18_24m,female|male (averaged),5,1.5|2.5|3.5 (averaged),sting,1,2.00,0.2484,0.3150,0.1575,0.4790,6.356
baseline_asymmetry,1,18_24m,female|male (averaged),5,1.5|2.5|3.5 (averaged),hit,1,0.60,0.0470,0.1363,0.0206,0.4374,2.782
baseline_asymmetry,1,18_24m,female|male (averaged),5,1.5|2.5|3.5 (averaged),hit,1,0.80,0.0500,0.1538,0.0205,0.4090,3.134
baseline_asymmetry,1,18_24m,female|male (averaged),5,1.5|2.5|3.5 (averaged),hit,1,1.00,0.0519,0.1651,0.0204,0.3930,3.358
baseline_asymmetry,1,18_24m,female|male (averaged),5,1.5|2.5|3.5 (averaged),hit,1,1.20,0.0533,0.1734,0.0204,0.3820,3.525
baseline_asymmetry,1,18_24m,female|male (averaged),5,1.5|2.5|3.5 (averaged),hit,1,1.50,0.0553,0.1854,0.0204,0.3676,3.764
baseline_asymmetry,1,18_24m,female|male (averaged),5,1.5|2.5|3.5 (averaged),hit,1,2.00,0.0585,0.2052,0.0203,0.3462,4.160
baseline_asymmetry,1,18_24m,female|male (averaged),5,1.5|2.5|3.5 (averaged),double_hit,2,0.60,0.5335,0.0509,6.4816,5.6320,1.064
baseline_asymmetry,1,18_24m,female|male (averaged),5,1.5|2.5|3.5 (averaged),double_hit,2,0.80,0.4279,0.0567,1.1183,1.4775,1.192
baseline_asymmetry,1,18_24m,female|male (averaged),5,1.5|2.5|3.5 (averaged),double_hit,2,1.00,0.0215,0.0841,0.0114,0.5492,1.739
baseline_asymmetry,1,18_24m,female|male (averaged),5,1.5|2.5|3.5 (averaged),double_hit,2,1.20,0.0000,0.1830,0.0000,0.3663,3.716
baseline_asymmetry,1,18_24m,female|male (averaged),5,1.5|2.5|3.5 (averaged),double_hit,2,1.50,0.0000,0.2117,0.0000,0.3360,4.290
baseline_asymmetry,1,18_24m,female|male (averaged),5,1.5|2.5|3.5 (averaged),double_hit,2,2.00,0.0000,0.2440,0.0000,0.3081,4.938
baseline_asymmetry,1,18_24m,female|male (averaged),5,1.5|2.5|3.5 (averaged),hit_plus_sting,2,0.60,0.5301,0.0494,8.4534,7.4619,1.032
baseline_asymmetry,1,18_24m,female|male (averaged),5,1.5|2.5|3.5 (averaged),hit_plus_sting,2,0.80,0.5207,0.0502,3.2941,3.0062,1.054
baseline_asymmetry,1,18_24m,female|male (averaged),5,1.5|2.5|3.5 (averaged),hit_plus_sting,2,1.00,0.0839,0.0631,0.0688,0.7559,1.318
baseline_asymmetry,1,18_24m,female|male (averaged),5,1.5|2.5|3.5 (averaged),hit_plus_sting,2,1.20,0.0242,0.2671,0.0064,0.2926,5.398
baseline_asymmetry,1,18_24m,female|male (averaged),5,1.5|2.5|3.5 (averaged),hit_plus_sting,2,1.50,0.0250,0.2830,0.0064,0.2822,5.717
baseline_asymmetry,1,18_24m,female|male (averaged),5,1.5|2.5|3.5 (averaged),hit_plus_sting,2,2.00,0.0260,0.3011,0.0064,0.2713,6.077
baseline_asymmetry,1,18_24m,female|male (averaged),5,1.5|2.5|3.5 (averaged),double_hit_plus_sting,3,0.60,0.5282,0.0573,8.9353,7.9529,1.035
baseline_asymmetry,1,18_24m,female|male (averaged),5,1.5|2.5|3.5 (averaged),double_hit_plus_sting,3,0.80,0.5322,0.0502,7.5365,6.5904,1.049
baseline_asymmetry,1,18_24m,female|male (averaged),5,1.5|2.5|3.5 (averaged),double_hit_plus_sting,3,1.00,0.5315,0.0518,4.4005,3.8501,1.086
baseline_asymmetry,1,18_24m,female|male (averaged),5,1.5|2.5|3.5 (averaged),double_hit_plus_sting,3,1.20,0.3937,0.0559,0.8530,1.2993,1.174
baseline_asymmetry,1,18_24m,female|male (averaged),5,1.5|2.5|3.5 (averaged),double_hit_plus_sting,3,1.50,0.0100,0.0794,0.0052,0.5609,1.645
baseline_asymmetry,1,18_24m,female|male (averaged),5,1.5|2.5|3.5 (averaged),double_hit_plus_sting,3,2.00,0.0000,0.2985,0.0000,0.2717,6.026
no_asymmetry,0,18_24m,female|male (averaged),5,1.5|2.5|3.5 (averaged),sting,1,0.60,0.1431,0.1301,0.1049,0.6320,2.659
no_asymmetry,0,18_24m,female|male (averaged),5,1.5|2.5|3.5 (averaged),sting,1,0.80,0.1470,0.1418,0.1047,0.6110,2.894
no_asymmetry,0,18_24m,female|male (averaged),5,1.5|2.5|3.5 (averaged),sting,1,1.00,0.1495,0.1493,0.1045,0.5985,3.043
no_asymmetry,0,18_24m,female|male (averaged),5,1.5|2.5|3.5 (averaged),sting,1,1.20,0.1514,0.1549,0.1044,0.5896,3.155
no_asymmetry,0,18_24m,female|male (averaged),5,1.5|2.5|3.5 (averaged),sting,1,1.50,0.1539,0.1629,0.1043,0.5774,3.314
no_asymmetry,0,18_24m,female|male (averaged),5,1.5|2.5|3.5 (averaged),sting,1,2.00,0.1583,0.1761,0.1041,0.5581,3.578
no_asymmetry,0,18_24m,female|male (averaged),5,1.5|2.5|3.5 (averaged),hit,1,0.60,0.0470,0.1363,0.0206,0.4374,2.782
no_asymmetry,0,18_24m,female|male (averaged),5,1.5|2.5|3.5 (averaged),hit,1,0.80,0.0500,0.1538,0.0205,0.4090,3.134
no_asymmetry,0,18_24m,female|male (averaged),5,1.5|2.5|3.5 (averaged),hit,1,1.00,0.0519,0.1651,0.0204,0.3930,3.358
no_asymmetry,0,18_24m,female|male (averaged),5,1.5|2.5|3.5 (averaged),hit,1,1.20,0.0533,0.1734,0.0204,0.3820,3.525
no_asymmetry,0,18_24m,female|male (averaged),5,1.5|2.5|3.5 (averaged),hit,1,1.50,0.0553,0.1854,0.0204,0.3676,3.764
no_asymmetry,0,18_24m,female|male (averaged),5,1.5|2.5|3.5 (averaged),hit,1,2.00,0.0585,0.2052,0.0203,0.3462,4.160
no_asymmetry,0,18_24m,female|male (averaged),5,1.5|2.5|3.5 (averaged),double_hit,2,0.60,0.5335,0.0509,6.4816,5.6320,1.064
no_asymmetry,0,18_24m,female|male (averaged),5,1.5|2.5|3.5 (averaged),double_hit,2,0.80,0.4279,0.0567,1.1183,1.4775,1.192
no_asymmetry,0,18_24m,female|male (averaged),5,1.5|2.5|3.5 (averaged),double_hit,2,1.00,0.0215,0.0841,0.0114,0.5492,1.739
no_asymmetry,0,18_24m,female|male (averaged),5,1.5|2.5|3.5 (averaged),double_hit,2,1.20,0.0000,0.1830,0.0000,0.3663,3.716
no_asymmetry,0,18_24m,female|male (averaged),5,1.5|2.5|3.5 (averaged),double_hit,2,1.50,0.0000,0.2117,0.0000,0.3360,4.290
no_asymmetry,0,18_24m,female|male (averaged),5,1.5|2.5|3.5 (averaged),double_hit,2,2.00,0.0000,0.2440,0.0000,0.3081,4.938
no_asymmetry,0,18_24m,female|male (averaged),5,1.5|2.5|3.5 (averaged),hit_plus_sting,2,0.60,0.5305,0.0494,8.3711,7.3780,1.032
no_asymmetry,0,18_24m,female|male (averaged),5,1.5|2.5|3.5 (averaged),hit_plus_sting,2,0.80,0.5186,0.0502,3.0978,2.8505,1.054
no_asymmetry,0,18_24m,female|male (averaged),5,1.5|2.5|3.5 (averaged),hit_plus_sting,2,1.00,0.0668,0.0639,0.0498,0.7028,1.335
no_asymmetry,0,18_24m,female|male (averaged),5,1.5|2.5|3.5 (averaged),hit_plus_sting,2,1.20,0.0125,0.1688,0.0042,0.3846,3.433
no_asymmetry,0,18_24m,female|male (averaged),5,1.5|2.5|3.5 (averaged),hit_plus_sting,2,1.50,0.0132,0.1848,0.0042,0.3650,3.753
no_asymmetry,0,18_24m,female|male (averaged),5,1.5|2.5|3.5 (averaged),hit_plus_sting,2,2.00,0.0139,0.2028,0.0042,0.3456,4.112
no_asymmetry,0,18_24m,female|male (averaged),5,1.5|2.5|3.5 (averaged),double_hit_plus_sting,3,0.60,0.5283,0.0568,8.9190,7.9359,1.035
no_asymmetry,0,18_24m,female|male (averaged),5,1.5|2.5|3.5 (averaged),double_hit_plus_sting,3,0.80,0.5324,0.0502,7.4879,6.5428,1.049
no_asymmetry,0,18_24m,female|male (averaged),5,1.5|2.5|3.5 (averaged),double_hit_plus_sting,3,1.00,0.5312,0.0518,4.3039,3.7689,1.086
no_asymmetry,0,18_24m,female|male (averaged),5,1.5|2.5|3.5 (averaged),double_hit_plus_sting,3,1.20,0.3837,0.0559,0.7911,1.2577,1.174
no_asymmetry,0,18_24m,female|male (averaged),5,1.5|2.5|3.5 (averaged),double_hit_plus_sting,3,1.50,0.0076,0.0801,0.0038,0.5584,1.658
no_asymmetry,0,18_24m,female|male (averaged),5,1.5|2.5|3.5 (averaged),double_hit_plus_sting,3,2.00,0.0000,0.2183,0.0000,0.3298,4.422
